feature,rho_mag,prho_mag|dist,"prho_snr_s|mag,dist","prho_snr_p|mag,dist",within_snr_s|dist,within_snr_p|dist,leak_score,leak_score_cross_event
f_pz_samp_ent,-0.43532764349647424,-0.34358594781443175,-0.3301870678584785,-0.4966222558293652,-0.3539609417417917,-0.5385966962149024,0.5385966962149024,0.4966222558293652
f_sh_brune_kappa,0.1787760195322534,0.22717583506865632,0.4449733996540779,0.26518952704488213,0.4667340098711826,0.25634805301490843,0.4667340098711826,0.4449733996540779
f_sh_perm_ent,-0.4381213549487287,-0.34170717678653006,-0.42619346223620513,-0.22135261772022136,-0.46325580190366505,-0.23375321251340284,0.46325580190366505,0.42619346223620513
f_sh_frac_32_45,-0.37745243823569646,-0.34933329694127974,-0.44198005655446154,-0.24614947695534758,-0.45955511261689985,-0.24402611478658282,0.45955511261689985,0.44198005655446154
f_sh_qc_brune_kappa,0.027688628044824398,0.19791411574865353,0.4286523188177593,0.26410681850711215,0.4520077967908449,0.2555735998139911,0.4520077967908449,0.4286523188177593
f_sh_boat_n,0.1008786444946151,0.14955588933736902,0.4164204788852525,0.24596776319060934,0.44743427514998174,0.24428546762941228,0.44743427514998174,0.4164204788852525
f_sh_qc_boat_n,-0.01038299397852667,0.12676396405564505,0.4089192993464672,0.24956647741897972,0.44073851606534725,0.24661779181293417,0.44073851606534725,0.4089192993464672
f_sh_hjorth_cplx,0.042660433898843254,-0.06691909739659925,-0.4042996634385267,-0.2592987457099723,-0.4349931817769686,-0.2491533800582782,0.4349931817769686,0.4042996634385267
f_pz_frac_32_45,-0.36530077407366807,-0.28204062234210125,-0.2789631944439161,-0.40153551224364986,-0.31071150058783764,-0.433732335660075,0.433732335660075,0.40153551224364986
f_pz_flatness,-0.4274947934519134,-0.2820105226890607,-0.18593300341907437,-0.3561370385685968,-0.2366320433091551,-0.42748965067407435,0.42748965067407435,0.3561370385685968
f_sh_slope,-0.37846149973710014,-0.32605875003163964,-0.40144507587153394,-0.22735041628076216,-0.42162876508725905,-0.23192459218530012,0.42162876508725905,0.40144507587153394
f_pz_perm_ent,-0.35303123249640506,-0.23816937042694525,-0.24856140642783447,-0.37228214181115177,-0.28899850291386453,-0.4187916913922423,0.4187916913922423,0.37228214181115177
f_sh_samp_ent,-0.44940248179760467,-0.3380138489076109,-0.36502985847827224,-0.1572010604601349,-0.41519979567453824,-0.18295886885273666,0.41519979567453824,0.36502985847827224
f_pz_boat_n,0.056136289245797034,0.059278894724237155,0.2644369474215444,0.38231054952085824,0.30179094538980333,0.4057320114065447,0.4057320114065447,0.38231054952085824
f_pz_svd_ent,-0.4281238922609873,-0.2723414004007612,-0.16250262111289537,-0.32086424430135174,-0.22031622558428,-0.4051658914023628,0.4051658914023628,0.32086424430135174
f_durh_d20_80_s,0.013203732181219258,-0.1353034964469384,-0.36932789271478195,-0.07681898097707666,-0.3972185693600533,-0.07851356316560779,0.3972185693600533,0.36932789271478195
f_pz_slope,-0.414318493448949,-0.29115686831052207,-0.23054949350708007,-0.3503399126147049,-0.2646794692575724,-0.39614254799571935,0.39614254799571935,0.3503399126147049
f_sh_flatness,-0.4779576794396505,-0.3571779723367111,-0.3502319855302946,-0.17188445664192542,-0.39531063455807375,-0.19625878452712683,0.39531063455807375,0.3502319855302946
f_pz_brune_kappa,0.10951095531959029,0.12662976652385016,0.2725108493209625,0.37871394788106366,0.3029976438955316,0.3951808418266447,0.3951808418266447,0.37871394788106366
f_pz_qc_boat_n,0.014631135734049111,0.046013616930499004,0.26150823612479607,0.3721850194630761,0.29924309982685354,0.39451231733569603,0.39451231733569603,0.3721850194630761
f_pz_qc_brune_kappa,0.06435895836168118,0.11628802455346066,0.26940714812424343,0.36505983658331975,0.30020075641182564,0.380764073742639,0.380764073742639,0.36505983658331975
f_envh_dur_above20_s,-0.05060292793187885,-0.17843541062284443,-0.354854824053373,-0.08026092890393739,-0.37312538918351557,-0.07709633569096035,0.37312538918351557,0.354854824053373
f_sh_svd_ent,-0.49403695494955296,-0.35601241353160484,-0.3095274746989116,-0.1326552736270054,-0.36969010158997445,-0.16778614863819402,0.36969010158997445,0.3095274746989116
f_sh_frac_16_32,-0.4475789679377306,-0.30453165700418056,-0.31425003222454306,-0.15269367563605943,-0.3632812999512589,-0.18291438729883805,0.3632812999512589,0.31425003222454306
f_pz_frac_16_32,-0.39930351639964295,-0.21971219158412836,-0.11487477800541117,-0.26321900186987546,-0.16843079234291608,-0.3489315490857711,0.3489315490857711,0.26321900186987546
f_envz_dur_above20_s,0.0033667874575434853,-0.16961450305333076,-0.3295669743842413,-0.19277902749422418,-0.34784968234102004,-0.20111433363200887,0.34784968234102004,0.3295669743842413
f_envh_fill,-0.2328456115521764,-0.1436660180727471,-0.32310104800329076,-0.09438286550719178,-0.34142495546828794,-0.0931595841321078,0.34142495546828794,0.32310104800329076
f_durh_d5_75_s,0.16514834526093228,-0.20464330204133738,-0.33415123209157416,0.03427961663719162,-0.3258416706520311,0.07193940153152319,0.3258416706520311,0.33415123209157416
f_pz_bw_logf,-0.007464995591797339,0.011507641264194837,-0.14256791457434137,-0.2985070453547436,-0.17615961393159574,-0.32536003412924364,0.32536003412924364,0.2985070453547436
f_durh_d5_95_s,0.14329469091111552,-0.22820522530564488,-0.3358689180762039,0.051323524883695334,-0.324200375478195,0.08996684475351394,0.324200375478195,0.3358689180762039
f_envz_fill,-0.21720004345982288,-0.12990627659514317,-0.29223116626057327,-0.19359732502445537,-0.3064883073489746,-0.19913208973494506,0.3064883073489746,0.29223116626057327
f_log_s_over_p,0.3454342676528228,0.2829270368468645,0.3323034665672927,-0.2037993594798203,0.30632186154234886,-0.25373626269217636,0.30632186154234886,0.3323034665672927
f_sh_bw_logf,-0.1627640051700976,-0.0853033073763576,-0.26232437913379103,-0.11235925377953157,-0.3049699602763457,-0.13565330357078936,0.3049699602763457,0.26232437913379103
f_durz_d20_80_s,0.15450664120038657,-0.16425414017140902,-0.3068618323043603,0.0389420815095847,-0.3031879704113168,0.05992387179529325,0.3031879704113168,0.3068618323043603
f_durz_d5_95_s,0.3684082199005164,-0.1605169362431907,-0.30349172249293643,0.012239084208719045,-0.28567949894757527,0.05686428211177892,0.28567949894757527,0.30349172249293643
f_durz_t5_s,0.33995307202100294,0.23589688223394828,0.2033434046735656,-0.23415045449013147,0.18158638355037823,-0.28198581028190495,0.28198581028190495,0.23415045449013147
f_ppol_planarity,0.25251074783645455,0.2228153711777852,0.17971344689082985,0.26562110492447194,0.18281817817280174,0.27825548291791946,0.27825548291791946,0.26562110492447194
f_pz_rolloff95_hz,-0.38476490070920233,-0.20691455179190404,-0.058773852992860455,-0.19241706466900915,-0.10888626810636567,-0.27682195404969806,0.27682195404969806,0.19241706466900915
f_sh_boat_fc_hz,-0.33811838663425087,-0.15023804914830513,0.22749078491560615,0.172793780557587,0.2708222823541335,0.17525549627606982,0.2708222823541335,0.22749078491560615
f_pz_hjorth_cplx,0.2123907252526708,0.08910854313497862,-0.2137931088362234,-0.26353719371117623,-0.24489663773525466,-0.2700715840602792,0.2700715840602792,0.26353719371117623
f_sh_qc_boat_fc_hz,-0.3263089756517446,-0.16270232125861048,0.21448773581216715,0.1676733522410937,0.256416754714129,0.17044710128330312,0.256416754714129,0.21448773581216715
f_pz_higuchi_fd,-0.393192299283929,-0.23072809330920974,-0.06047272724289386,-0.1694344220222074,-0.10078290416779051,-0.2468147735310629,0.2468147735310629,0.1694344220222074
f_sh_higuchi_fd,-0.45288044035644986,-0.29476707544126257,-0.1952485357289501,-0.06620293229765474,-0.24486435736266643,-0.10379501476546374,0.24486435736266643,0.1952485357289501
f_pz_kurt,0.06783276965959585,0.10554253418649859,0.18958977796689677,0.2682857442186473,0.15808698753552383,0.2411659621305025,0.2411659621305025,0.2682857442186473
f_envh_dur_above50_s,0.04665324367716436,-0.05631898353508012,-0.22145209781072134,-0.11302184002243322,-0.2400792028952567,-0.11717036593527654,0.2400792028952567,0.22145209781072134
f_envh_p_over_peak,-0.10695936685426163,-0.13234772966852798,-0.23480209674438118,0.03897013210286258,-0.23745737284650015,0.040440150480954756,0.23745737284650015,0.23480209674438118
f_ppol_rectilin,0.22382658725042234,0.1910347822475504,0.14822713061766557,0.22795277991409588,0.1465150407033543,0.2353004512758118,0.2353004512758118,0.22795277991409588
f_pz_tau_c,0.26101077890729396,0.06743414259230623,-0.14950589730670044,-0.24669427901783145,-0.13725474415783256,-0.23448838488221072,0.23448838488221072,0.24669427901783145
f_pz_entropy,-0.3947449919629809,-0.2235830191848019,-0.023115064295147106,-0.14831174625779994,-0.06522809187843873,-0.23104166424795583,0.23104166424795583,0.14831174625779994
f_durh_t5_s,0.35530667835061747,0.24110547170591184,0.23142528872028365,-0.20323342698086594,0.2181157076940216,-0.23014996784967312,0.23014996784967312,0.23142528872028365
f_envz_p_over_peak,-0.11496828600800425,-0.14675810796864042,-0.2286174026737071,0.12961266691182952,-0.2279938824966844,0.13963973189525436,0.2279938824966844,0.2286174026737071
f_pz_zcr,-0.41764019310490236,-0.26589105675928837,-0.06866626471842258,-0.15440455607543707,-0.10815362702183726,-0.22753781755203453,0.22753781755203453,0.15440455607543707
f_pz_hjorth_mob,-0.4262692277851884,-0.25850247376343033,-0.03684594763115367,-0.1410133620549043,-0.07997624997268017,-0.22497601999364292,0.22497601999364292,0.1410133620549043
f_sh_brune_fc_hz,-0.3968786376889884,-0.20119638745405402,0.17836722514141184,0.15142989341979632,0.21689425844496202,0.1539379095137861,0.21689425844496202,0.17836722514141184
f_sh_kurt,0.014760284295510556,0.07569975312726467,0.20986210998652025,0.11271036956238857,0.20731294781876014,0.09850446187546992,0.20731294781876014,0.20986210998652025
f_envz_decay_per_s,-0.01562809708220603,-0.07509968542067583,-0.19265069390145198,-0.021271911677102556,-0.20410876883616264,-0.023094589132246365,0.20410876883616264,0.19265069390145198
f_envh_decay_per_s,0.024789945726344857,-0.03917910662836565,-0.17911544534665141,-0.10873191423657237,-0.20391175448583337,-0.11575282932540938,0.20391175448583337,0.17911544534665141
f_envz_centroid_s,0.473267908840625,0.1900105319781484,0.18372907848377623,-0.1870431146941736,0.18847184499191957,-0.19613143878847714,0.19613143878847714,0.1870431146941736
f_sh_qc_brune_fc_hz,-0.3697448819087993,-0.20332559921473428,0.16200981050033475,0.14085323304962843,0.1950473285507634,0.14045411542926464,0.1950473285507634,0.16200981050033475
f_envz_dur_above50_s,0.03476777548413576,-0.0443075912870518,-0.18734476199863598,-0.16092165137421605,-0.19405487937032553,-0.16355559416747925,0.19405487937032553,0.18734476199863598
f_lpdt_fit_rms,0.33060791472439116,0.23194650319423643,0.2065084830059137,0.13902470703647354,0.18746343145412606,0.1245222589418588,0.18746343145412606,0.2065084830059137
f_envh_centroid_s,0.47575962135428607,0.20131808121466596,0.17933935843416796,-0.14052124158225318,0.18396038730766448,-0.1408086066968462,0.18396038730766448,0.17933935843416796
f_pz_boat_fc_hz,-0.3294355159437966,-0.18646855594700598,0.1662626470269518,0.18147994077479485,0.1839405893266152,0.16554677564074646,0.1839405893266152,0.18147994077479485
f_pz_tau_p_max,0.43615841919371634,0.29041138700452573,0.05257437868262274,0.1199532410091461,0.07829827996051347,0.18371626938813668,0.18371626938813668,0.1199532410091461
f_sh_zcr,-0.46228167830062816,-0.3091795535533191,-0.1361207938251499,-0.03187219441258487,-0.181976704000158,-0.06851094272436899,0.181976704000158,0.1361207938251499
f_sh_hjorth_mob,-0.46440870420966834,-0.30782965773009613,-0.1367771261157022,-0.025902274394228667,-0.1817910045465754,-0.06205796400370348,0.1817910045465754,0.1367771261157022
f_pz_T_dv_s,0.28518802405677274,0.09437235959438117,-0.13426198956745383,-0.2022799179725336,-0.1173163010171304,-0.17730055398681077,0.17730055398681077,0.2022799179725336
f_sh_T_dv_s,0.37495126350483243,0.19932348210456444,-0.1542876123886607,-0.12479606153852026,-0.17710436425285575,-0.1253398074323275,0.17710436425285575,0.1542876123886607
f_envz_rise_10_90_s,0.3058643612365849,0.0818404207998836,0.09467304170157664,-0.17539620476121,0.09887161022535784,-0.17627340073823325,0.17627340073823325,0.17539620476121
f_pz_qc_boat_fc_hz,-0.32533128125583344,-0.19304915930793484,0.15806367159132195,0.1684521050105824,0.17458619621645222,0.15051769288815545,0.17458619621645222,0.1684521050105824
f_envz_t_peak_s,0.33650826857244553,0.08925728239738945,0.09388039114915907,-0.1704518429114448,0.09728343931462757,-0.17362878810051624,0.17362878810051624,0.1704518429114448
f_envz_t_peak_rel_sp,0.014447466869627097,0.11224699799928715,0.03337631087468407,-0.1652826148371194,0.039136083891546394,-0.17128215996201673,0.17128215996201673,0.1652826148371194
f_pz_rolloff85_hz,-0.3936655448792214,-0.21733949143553288,0.0030471716231441183,-0.09256081232236228,-0.03326605194476251,-0.16792083117931256,0.16792083117931256,0.09256081232236228
f_durz_d5_75_s,0.377993325165793,-0.0845825172287422,-0.18705931202369597,-0.03205219232351095,-0.16711342381597277,0.007501322886435336,0.16711342381597277,0.18705931202369597
f_envz_decay_powerlaw,-0.15334851503430158,-0.053558079535235927,-0.15361836019385108,0.03170820763873607,-0.16318320743126577,0.027666661525740526,0.16318320743126577,0.15361836019385108
f_pz_qc_brune_rms,0.09027740605867471,0.012740737169341395,-0.008729650379159433,0.13839260613307,0.01108001822207577,0.1615748618464943,0.1615748618464943,0.13839260613307
f_pz_brune_fc_hz,-0.364130147002038,-0.19927714635769953,0.14508834906016047,0.1312054506106874,0.16031235405356975,0.103623829671425,0.16031235405356975,0.14508834906016047
f_pz_brune_rms,0.10802063195708161,0.018839978475233537,-0.01747063621076533,0.13040373796980786,0.003964635454594971,0.15719081686118144,0.15719081686118144,0.13040373796980786
f_pz_qc_brune_fc_hz,-0.354113755495639,-0.20072807381148636,0.13890502519135708,0.11795726104833065,0.15304806198204948,0.08752753877223969,0.15304806198204948,0.13890502519135708
f_ppol_log_h_over_v,-0.18699459750735958,-0.1335813001507105,-0.12431300207830552,-0.15974643327472943,-0.10852910924865015,-0.14729384598689083,0.14729384598689083,0.15974643327472943
f_envh_decay_powerlaw,-0.1827520077560354,-0.006723084739689379,-0.12399874869167526,-0.056134518195563095,-0.1464865017291479,-0.06795140484457145,0.1464865017291479,0.12399874869167526
f_sh_rolloff95_hz,-0.4332656562080021,-0.2629918081958346,-0.09837363377082962,-0.00318411293750557,-0.1407497298877651,-0.03560990284254169,0.1407497298877651,0.09837363377082962
f_sh_qc_boat_rms,0.1188311935660781,0.0118873547620018,-0.14264561683363527,-0.11046119176203924,-0.13784214776252535,-0.10298490259313715,0.13784214776252535,0.14264561683363527
f_pz_T_va_s,0.3909462323118745,0.21993882825098143,-0.015341317423136339,0.06953877388238683,0.013869539277170887,0.1346323555866075,0.1346323555866075,0.06953877388238683
f_sh_snoke_fc_hz,-0.4280779330826214,-0.2640454236302341,0.10869970652970928,0.10102778677815681,0.13170506771731832,0.09699228533373043,0.13170506771731832,0.10869970652970928
f_sh_crest,-0.12717678465722132,-0.014432845788616087,0.13524407850278225,0.08607417478132783,0.12586978976008528,0.06565814752631342,0.12586978976008528,0.13524407850278225
f_sh_boat_rms,0.11127053186424578,0.029402099196342953,-0.12817961713796774,-0.09256882375707298,-0.12454790804075651,-0.08932759987533975,0.12454790804075651,0.12817961713796774
f_sh_frac_1_2,0.40227151782762155,0.24767706388617716,-0.10549209891985721,-0.0931698666871486,-0.12333116484617264,-0.08735883103459668,0.12333116484617264,0.10549209891985721
f_pz_crest,-0.05062300822546819,0.023943246356375267,0.12436560010562374,0.15296042679693053,0.09501978789633625,0.12251623157156753,0.12251623157156753,0.15296042679693053
f_pz_frac_1_2,0.36018090561590893,0.21027056649925857,-0.11157782798702139,-0.14579244954498366,-0.11005485435035299,-0.12233926056160503,0.12233926056160503,0.14579244954498366
f_sh_peak_hz,-0.34081671823783016,-0.2014820401037839,0.09874145639244433,0.0747755092343874,0.11989757288483881,0.07239196701022886,0.11989757288483881,0.09874145639244433
f_lpdt_slope_dec_per_s,0.021890696588096295,0.06462932789221436,0.013779060176653871,0.11303884612639911,0.004227279295016089,0.10739529106225372,0.10739529106225372,0.11303884612639911
f_sh_frac_2_4,0.23003598141347992,0.1133493713426728,0.07658536643109051,0.026004160061405407,0.10703349871779824,0.07125388836455326,0.10703349871779824,0.07658536643109051
f_envh_rise_10_90_s,0.32424314707389607,-0.07309675126889786,-0.13650209861562407,-0.07077562680369058,-0.10659044202151842,-0.037894283668093026,0.10659044202151842,0.13650209861562407
f_envh_t_peak_s,0.41308015725171177,0.03769508671493155,-0.05710240283705637,-0.11017871269256806,-0.045617291683178664,-0.10333429000270317,0.10333429000270317,0.11017871269256806
f_pz_frac_8_16,-0.36309143125746685,-0.22860883563467535,0.028914128909919175,-0.046984898689354786,0.015313191458277232,-0.1023661723573834,0.1023661723573834,0.046984898689354786
f_sh_entropy,-0.4486293020077477,-0.2783614536914616,-0.06577712504743802,0.025764479498146343,-0.10150711690249274,-0.005208302355274185,0.10150711690249274,0.06577712504743802
f_envh_t_peak_rel_sp,-0.04292761573221106,0.061074102828401686,-0.07681630713817755,-0.09280613307453693,-0.07777847099766544,-0.09829300711280228,0.09829300711280228,0.09280613307453693
f_sh_T_va_s,0.443467693353604,0.275626807252741,0.05917703599496639,-0.011685711575711268,0.08790744797826537,0.016148420564303104,0.08790744797826537,0.05917703599496639
f_lpdt_t90_s,0.20962560022399448,0.11669257057264204,0.09215407501589651,-0.06260941993367894,0.08213402211363173,-0.07758447088879383,0.08213402211363173,0.09215407501589651
f_pz_snoke_fc_hz,-0.4077481743629031,-0.25266988527861806,0.08543649894140802,0.08595463440625029,0.08148366163541498,0.049455078905443046,0.08148366163541498,0.08595463440625029
f_sh_abs_skew,0.09752284820049227,0.07444208061395452,0.07534335492389171,0.04053179042507906,0.07466143390673444,0.03531797227032481,0.07466143390673444,0.07534335492389171
f_pz_frac_4_8,-0.014945358698896764,-0.07361367973046885,0.06830412957489086,0.07292666299272836,0.06917041389899108,0.07313881020245283,0.07313881020245283,0.07292666299272836
f_pz_abs_skew,0.11835758744038122,0.09225028719184081,0.05047089098054189,0.07748520906080514,0.044890392886005735,0.07244814243680785,0.07244814243680785,0.07748520906080514
f_sh_fc_at_edge,0.17140463231790043,0.0833267052257763,-0.06222516482007185,-0.041943111228838,-0.06802361198132245,-0.05226329054268028,0.06802361198132245,0.06222516482007185
f_pz_qc_snoke_fc_hz,-0.3979568390254611,-0.26150259317928715,0.07175467380945302,0.05836104363647677,0.06364168848334206,0.014378950498142013,0.06364168848334206,0.07175467380945302
f_pz_peak_hz,-0.34259086671448924,-0.21216833388385353,0.0651716525983279,0.07958251938988169,0.06326070796395412,0.05274883268243107,0.06326070796395412,0.07958251938988169
f_lpdt_t_plateau_s,0.13587015669861302,0.04148017060641887,0.06690093192114219,-0.04243149509288353,0.06252018246525726,-0.04655984295144697,0.06252018246525726,0.06690093192114219
f_sh_frac_4_8,-0.3106283743701229,-0.19825539432081832,0.0559461290683813,0.05468728988599253,0.05770936915930395,0.0364095282720983,0.05770936915930395,0.0559461290683813
f_pz_centroid_hz,-0.4249099023600157,-0.26105802033345066,0.04630216902395552,0.0019267326140314132,0.02871840580721282,-0.05658392975849066,0.05658392975849066,0.04630216902395552
f_sh_rolloff50_hz,-0.43306434515042763,-0.26696737153213196,0.05054161770693495,0.07375567927549741,0.05225276409549962,0.05631468496482726,0.05631468496482726,0.07375567927549741
f_spol_rectilin,0.13613823147438653,0.08691879460322662,0.052905226791115305,0.013859465981527128,0.05579185957384951,0.017384654944569925,0.05579185957384951,0.052905226791115305
f_pz_boat_rms,0.040287628385787165,0.02584552053314703,-0.01835694844225871,0.0514338419357688,-0.010362613910769673,0.055463443709104554,0.055463443709104554,0.0514338419357688
f_pz_frac_2_4,0.3970138998361232,0.25794217884107395,-0.04182284970395704,0.002640118807149376,-0.030077093776300426,0.05295690324846403,0.05295690324846403,0.04182284970395704
f_sh_qc_brune_rms,0.19343193887161805,0.04122602978365709,0.02153258733687472,-0.015898664131712096,0.050964742699836973,0.00511825001210549,0.050964742699836973,0.02153258733687472
f_sh_centroid_hz,-0.4483452970846632,-0.27999947859394286,0.038765952359774924,0.069286714951676,0.035658355197863686,0.05084951612992304,0.05084951612992304,0.069286714951676
f_sh_rolloff85_hz,-0.43350314001170537,-0.2604058351411963,-0.02160180431622604,0.04141667326957298,-0.050751115110069404,0.00892169404180028,0.050751115110069404,0.04141667326957298
f_pz_qc_boat_rms,0.041097781454921385,0.028528437547475288,-0.03157459710018914,0.04453907410094065,-0.025552115724262355,0.04874227903678414,0.04874227903678414,0.04453907410094065
f_fc_p_over_s_brune,-0.054809623291830166,-0.04103194673923031,-0.0073840824758786595,-0.018414088159619105,-0.018752678222734576,-0.04789451082594323,0.04789451082594323,0.018414088159619105
f_sh_qc_snoke_fc_hz,-0.4012735404992504,-0.28829281496825254,0.03507276088117418,0.0627074201737089,0.03542457485194284,0.04732821095519233,0.04732821095519233,0.0627074201737089
f_sh_frac_8_16,-0.4375617383671093,-0.25292315985788855,-0.01822543257836269,0.040709002570499205,-0.04307612403755524,0.011083490741163578,0.04307612403755524,0.040709002570499205
f_pz_rolloff50_hz,-0.4071410991349433,-0.2515162514455689,0.049627043519768356,0.009317334318347973,0.037777833918162404,-0.04117584295252799,0.04117584295252799,0.049627043519768356
f_ppol_incidence_deg,-0.1094134942273505,-0.062283802252888806,-0.05975136302891345,-0.05453548426697475,-0.04064315867028655,-0.03384996421125613,0.04064315867028655,0.05975136302891345
f_sh_qc_fc_at_edge,0.07437896948631821,0.03866882622505273,-0.05470669075526362,-0.029471617989492094,-0.03995865145875274,-0.022836518485088598,0.03995865145875274,0.05470669075526362
f_spol_incidence_deg,0.018048718130075928,-0.011296967564894627,-0.02319622576841556,-0.02909435593448913,-0.03509266317687052,-0.03909574477707791,0.03909574477707791,0.02909435593448913
f_pz_fc_at_edge,-0.015989704370592474,0.009769564785705447,-0.048228414335334535,-0.027854907648658403,-0.03850165557833382,-0.024182186097715757,0.03850165557833382,0.048228414335334535
f_fc_p_over_s_snoke,-0.059435002323956224,0.006217956208340243,0.05192298095000438,0.0033480911173442702,0.03559631012592928,-0.0316362445773381,0.03559631012592928,0.05192298095000438
f_spol_log_h_over_v,0.07086239497610063,0.017557555259924196,-0.003209885729090174,-0.030421548620518272,-0.013307852572556057,-0.035308423322777865,0.035308423322777865,0.030421548620518272
f_pz_qc_fc_at_edge,-0.04061422810617976,0.00029303588099414545,-0.04389405766146808,-0.03551767250831567,-0.033184780169159316,-0.032261402144419624,0.033184780169159316,0.04389405766146808
f_spol_planarity,0.1534272024943702,0.08899235564229253,0.02950391813751479,-0.008978466118856748,0.03131156802462546,-0.006421543867274732,0.03131156802462546,0.02950391813751479
f_sh_brune_rms,0.2656054311847925,0.0772749735668332,0.0017218506257802074,-0.03475096704927728,0.029161985905667414,-0.013890714613609818,0.029161985905667414,0.03475096704927728
